{
    "targets":[
        {"isStage":true
            ,"name":"Stage"
            ,"variables":{"`jEk@4|i[#Fk?(8x)AV.-my variable":["my variable",0]}
            ,"lists":{}
            ,"broadcasts":{}
            ,"blocks":{}
            ,"comments":{}
            ,"currentCostume":0
            ,"costumes":[
                {"assetId":"cd21514d0531fdffb22204e0ec5ed84a"
                    ,"name":"backdrop1"
                    ,"md5ext":"cd21514d0531fdffb22204e0ec5ed84a.svg"
                    ,"dataFormat":"svg"
                    ,"rotationCenterX":240
                    ,"rotationCenterY":180
                }
            ]
            ,"sounds":[
                {"assetId":"83a9787d4cb6f3b7632b4ddfebf74367"
                    ,"name":"pop"
                    ,"dataFormat":"wav"
                    ,"format":""
                    ,"rate":48000
                    ,"sampleCount":1123
                    ,"md5ext":"83a9787d4cb6f3b7632b4ddfebf74367.wav"
                }
            ]
            ,"volume":100
            ,"layerOrder":0
            ,"tempo":60
            ,"videoTransparency":50
            ,"videoState":"on"
            ,"textToSpeechLanguage":null
        }
        
        ,{"isStage":false
            ,"name":"Sprite1"
            ,"variables":{}
            ,"lists":{}
            ,"broadcasts":{}
            ,"blocks":{
                "[64;kGF#+Nftr(O}w=c,":{
                    "opcode":"motion_movesteps"
                    ,"next":null,"parent":"g/C:O-`W}YJnFKxS%,:!"
                    ,"inputs":{"STEPS":[1,[4,"10"]]}
                    ,"fields":{}
                    ,"shadow":false
                    ,"topLevel":false
                }
                ,"g/C:O-`W}YJnFKxS%,:!":{
                    "opcode":"event_whenflagclicked"
                    ,"next":"[64;kGF#+Nftr(O}w=c,"
                    ,"parent":null
                    ,"inputs":{}
                    ,"fields":{}
                    ,"shadow":false
                    ,"topLevel":true
                    ,"x":98,"y":58
                }
            }
            
            ,"comments":{}
            ,"currentCostume":0
            ,"costumes":[
                {"assetId":"b7853f557e4426412e64bb3da6531a99"
                    ,"name":"costume1"
                    ,"bitmapResolution":1
                    ,"md5ext":"b7853f557e4426412e64bb3da6531a99.svg"
                    ,"dataFormat":"svg"
                    ,"rotationCenterX":48
                    ,"rotationCenterY":50
                }
                ,{"assetId":"e6ddc55a6ddd9cc9d84fe0b4c21e016f"
                    ,"name":"costume2"
                    ,"bitmapResolution":1
                    ,"md5ext":"e6ddc55a6ddd9cc9d84fe0b4c21e016f.svg"
                    ,"dataFormat":"svg"
                    ,"rotationCenterX":46
                    ,"rotationCenterY":53
                }
            ]
            ,"sounds":[
                {"assetId":"83c36d806dc92327b9e7049a565c6bff"
                    ,"name":"Meow"
                    ,"dataFormat":"wav"
                    ,"format":""
                    ,"rate":48000
                    ,"sampleCount":40681
                    ,"md5ext":"83c36d806dc92327b9e7049a565c6bff.wav"
                }
            ]
            ,"volume":100
            ,"layerOrder":1
            ,"visible":true
            ,"x":180
            ,"y":0
            ,"size":100
            ,"direction":90
            ,"draggable":false
            ,"rotationStyle":"all around"
        }
    ]
    ,"monitors":[]
    ,"extensions":[]
    ,"meta":{"semver":"3.0.0","vm":"0.2.0-prerelease.20190918022946","agent":"Mozilla/5.0 (Windows NT 10.0; Win64; x64) AppleWebKit/537.36 (KHTML, like Gecko) Chrome/77.0.3865.90 Safari/537.36"}
}