{
	"blocks": {
		"F.,qj/{Cwi}^jIG4.#~/": {
			"opcode": "event_whenbroadcastreceived",
			"next": "/~bhj0;Y6[l~htia}?RN",
			"parent": null,
			"inputs": {},
			"fields": {
				"BROADCAST_OPTION": ["game.mute", "broadcastMsgId-game.mute"]
			},
			"shadow": false,
			"topLevel": true,
			"x": 368,
			"y": 22
		},
		"/~bhj0;Y6[l~htia}?RN": {
			"opcode": "control_if_else",
			"next": null,
			"parent": "F.,qj/{Cwi}^jIG4.#~/",
			"inputs": {
				"CONDITION": [2, "q#~[jE+IHJ#/s{{^;IK5"],
				"SUBSTACK": [2, "iYp6E{1i4KolH+4(ukt4"],
				"SUBSTACK2": [2, "=ka@;M*,tJV!}D`)@6A]"]
			},
			"fields": {},
			"shadow": false,
			"topLevel": false
		},
		"q#~[jE+IHJ#/s{{^;IK5": {
			"opcode": "operator_equals",
			"next": null,
			"parent": "/~bhj0;Y6[l~htia}?RN",
			"inputs": {
				"OPERAND1": [3, [12, "game.mute", "5qj%4,Dr!85A@4wp5j4u-game.mute-"], [10, ""]],
				"OPERAND2": [1, [10, "true"]]
			},
			"fields": {},
			"shadow": false,
			"topLevel": false
		},
		"iYp6E{1i4KolH+4(ukt4": {
			"opcode": "sound_setvolumeto",
			"next": null,
			"parent": "/~bhj0;Y6[l~htia}?RN",
			"inputs": {
				"VOLUME": [1, [4, 0]]
			},
			"fields": {},
			"shadow": false,
			"topLevel": false
		},
		"=ka@;M*,tJV!}D`)@6A]": {
			"opcode": "sound_setvolumeto",
			"next": null,
			"parent": "/~bhj0;Y6[l~htia}?RN",
			"inputs": {
				"VOLUME": [1, [4, 100]]
			},
			"fields": {},
			"shadow": false,
			"topLevel": false
		},
		"mgIP,.aep!!icA(nkbap": {
			"opcode": "event_whenflagclicked",
			"next": "R-F{Sc1eeGszrSRp+K-Y",
			"parent": null,
			"inputs": {},
			"fields": {},
			"shadow": false,
			"topLevel": true,
			"x": 15,
			"y": 22,
			"comment": "D)3cO5fAl]+9n@l]dl_~"
		},
		"R-F{Sc1eeGszrSRp+K-Y": {
			"opcode": "sound_setvolumeto",
			"next": "0J,4cLWi3V[ohDfg=N%G",
			"parent": "mgIP,.aep!!icA(nkbap",
			"inputs": {
				"VOLUME": [1, [4, 100]]
			},
			"fields": {},
			"shadow": false,
			"topLevel": false
		},
		"0J,4cLWi3V[ohDfg=N%G": {
			"opcode": "data_setvariableto",
			"next": "E(m=xX1D3RLV0.ga+6]A",
			"parent": "R-F{Sc1eeGszrSRp+K-Y",
			"inputs": {
				"VALUE": [1, [10, "normal"]]
			},
			"fields": {
				"VARIABLE": ["game.mode", "5qj%4,Dr!85A@4wp5j4u-game.mode-"]
			},
			"shadow": false,
			"topLevel": false
		},
		"E(m=xX1D3RLV0.ga+6]A": {
			"opcode": "event_broadcast",
			"next": null,
			"parent": "0J,4cLWi3V[ohDfg=N%G",
			"inputs": {
				"BROADCAST_INPUT": [1, [11, "Menu", "broadcastMsgId-menu"]]
			},
			"fields": {},
			"shadow": false,
			"topLevel": false
		},
		"3k3c:@W;)o-I8T#f@`VZ": {
			"opcode": "event_whenbroadcastreceived",
			"next": "?}@n/=)y3=`/v6x*.^=m",
			"parent": null,
			"inputs": {},
			"fields": {
				"BROADCAST_OPTION": ["Menu", "broadcastMsgId-menu"]
			},
			"shadow": false,
			"topLevel": true,
			"x": 15,
			"y": 279,
			"comment": "i%hl0o3-k)wB#puFSqM6"
		},
		"?}@n/=)y3=`/v6x*.^=m": {
			"opcode": "data_setvariableto",
			"next": "d8+~8(EJ8oub=)1w97iA",
			"parent": "3k3c:@W;)o-I8T#f@`VZ",
			"inputs": {
				"VALUE": [1, [10, "0.1"]]
			},
			"fields": {
				"VARIABLE": ["flap.speed", "5qj%4,Dr!85A@4wp5j4u-flap.speed-"]
			},
			"shadow": false,
			"topLevel": false
		},
		"d8+~8(EJ8oub=)1w97iA": {
			"opcode": "data_setvariableto",
			"next": "jmQq5{N+~5?zN6F;I`~W",
			"parent": "?}@n/=)y3=`/v6x*.^=m",
			"inputs": {
				"VALUE": [1, [10, "true"]]
			},
			"fields": {
				"VARIABLE": ["pipe.new", "5qj%4,Dr!85A@4wp5j4u-pipe.new-"]
			},
			"shadow": false,
			"topLevel": false
		},
		"jmQq5{N+~5?zN6F;I`~W": {
			"opcode": "data_setvariableto",
			"next": "N(Ld_y{RH9)@JYXYS),;",
			"parent": "d8+~8(EJ8oub=)1w97iA",
			"inputs": {
				"VALUE": [1, [10, "false"]]
			},
			"fields": {
				"VARIABLE": ["game.pause", "5qj%4,Dr!85A@4wp5j4u-game.pause-"]
			},
			"shadow": false,
			"topLevel": false
		},
		"N(Ld_y{RH9)@JYXYS),;": {
			"opcode": "data_setvariableto",
			"next": "33mU6Fq1XNZoLfJHcm},",
			"parent": "jmQq5{N+~5?zN6F;I`~W",
			"inputs": {
				"VALUE": [1, [10, "false"]]
			},
			"fields": {
				"VARIABLE": ["bird.play", "5qj%4,Dr!85A@4wp5j4u-bird.play-"]
			},
			"shadow": false,
			"topLevel": false
		},
		"33mU6Fq1XNZoLfJHcm},": {
			"opcode": "data_setvariableto",
			"next": "i*Nf9Kop{jH4dLL_)]O^",
			"parent": "N(Ld_y{RH9)@JYXYS),;",
			"inputs": {
				"VALUE": [1, [10, "ture"]]
			},
			"fields": {
				"VARIABLE": ["bird.flap", "5qj%4,Dr!85A@4wp5j4u-bird.flap-"]
			},
			"shadow": false,
			"topLevel": false
		},
		"i*Nf9Kop{jH4dLL_)]O^": {
			"opcode": "data_setvariableto",
			"next": "~Xpw.TKWZ[~Z_@u;tIXV",
			"parent": "33mU6Fq1XNZoLfJHcm},",
			"inputs": {
				"VALUE": [1, [10, "false"]]
			},
			"fields": {
				"VARIABLE": ["user.sethighscore", "5qj%4,Dr!85A@4wp5j4u-user.sethighscore-"]
			},
			"shadow": false,
			"topLevel": false
		},
		"~Xpw.TKWZ[~Z_@u;tIXV": {
			"opcode": "data_setvariableto",
			"next": "MIi_Q9R?*9=p.cb08o|{",
			"parent": "i*Nf9Kop{jH4dLL_)]O^",
			"inputs": {
				"VALUE": [1, [10, "false"]]
			},
			"fields": {
				"VARIABLE": ["encode.username", "5qj%4,Dr!85A@4wp5j4u-encode.username-"]
			},
			"shadow": false,
			"topLevel": false
		},
		"MIi_Q9R?*9=p.cb08o|{": {
			"opcode": "data_setvariableto",
			"next": "Q18wqAL[X#jxi^WJB5@I",
			"parent": "~Xpw.TKWZ[~Z_@u;tIXV",
			"inputs": {
				"VALUE": [1, [10, 0]]
			},
			"fields": {
				"VARIABLE": ["user.earnmedal", "5qj%4,Dr!85A@4wp5j4u-user.earnmedal-"]
			},
			"shadow": false,
			"topLevel": false
		},
		"Q18wqAL[X#jxi^WJB5@I": {
			"opcode": "data_setvariableto",
			"next": "J9PU#K~(8c@_=|4nE_66",
			"parent": "MIi_Q9R?*9=p.cb08o|{",
			"inputs": {
				"VALUE": [1, [10, 0]]
			},
			"fields": {
				"VARIABLE": ["user.score", "5qj%4,Dr!85A@4wp5j4u-user.score-"]
			},
			"shadow": false,
			"topLevel": false
		},
		"J9PU#K~(8c@_=|4nE_66": {
			"opcode": "data_setvariableto",
			"next": "Pp]`!7VcO(7BiRc[Bm.x",
			"parent": "Q18wqAL[X#jxi^WJB5@I",
			"inputs": {
				"VALUE": [1, [10, 0]]
			},
			"fields": {
				"VARIABLE": ["bird.gravity", "5qj%4,Dr!85A@4wp5j4u-bird.gravity-"]
			},
			"shadow": false,
			"topLevel": false
		},
		"Pp]`!7VcO(7BiRc[Bm.x": {
			"opcode": "control_if_else",
			"next": null,
			"parent": "J9PU#K~(8c@_=|4nE_66",
			"inputs": {
				"CONDITION": [2, "/Vc(VNne#G0Cs.`K{)G@"],
				"SUBSTACK": [2, ";wbGQ9r}p@g]~X[*}nGT"],
				"SUBSTACK2": [2, "h;8PnY:XCbJ@ba@TG=?."]
			},
			"fields": {},
			"shadow": false,
			"topLevel": false
		},
		"/Vc(VNne#G0Cs.`K{)G@": {
			"opcode": "operator_equals",
			"next": null,
			"parent": "Pp]`!7VcO(7BiRc[Bm.x",
			"inputs": {
				"OPERAND1": [3, [12, "game.mode", "5qj%4,Dr!85A@4wp5j4u-game.mode-"], [10, ""]],
				"OPERAND2": [1, [10, "impossible"]]
			},
			"fields": {},
			"shadow": false,
			"topLevel": false
		},
		";wbGQ9r}p@g]~X[*}nGT": {
			"opcode": "data_setvariableto",
			"next": null,
			"parent": "Pp]`!7VcO(7BiRc[Bm.x",
			"inputs": {
				"VALUE": [1, [10, "-7"]]
			},
			"fields": {
				"VARIABLE": ["game.scrollX", "5qj%4,Dr!85A@4wp5j4u-game.scrollX-"]
			},
			"shadow": false,
			"topLevel": false
		},
		"h;8PnY:XCbJ@ba@TG=?.": {
			"opcode": "data_setvariableto",
			"next": null,
			"parent": "Pp]`!7VcO(7BiRc[Bm.x",
			"inputs": {
				"VALUE": [1, [10, "-3.5"]]
			},
			"fields": {
				"VARIABLE": ["game.scrollX", "5qj%4,Dr!85A@4wp5j4u-game.scrollX-"]
			},
			"shadow": false,
			"topLevel": false
		},
		"g(K)In=3Vve522Uht1qK": {
			"opcode": "event_whenbroadcastreceived",
			"next": "Fe@J:t#2Y^w^O7/.CNQq",
			"parent": null,
			"inputs": {},
			"fields": {
				"BROADCAST_OPTION": ["Menu", "broadcastMsgId-menu"]
			},
			"shadow": false,
			"topLevel": true,
			"x": 368,
			"y": 356
		},
		"Fe@J:t#2Y^w^O7/.CNQq": {
			"opcode": "sound_play",
			"next": null,
			"parent": "g(K)In=3Vve522Uht1qK",
			"inputs": {
				"SOUND_MENU": [1, "7GblxmhA[C23q!]HBVEe"]
			},
			"fields": {},
			"shadow": false,
			"topLevel": false
		},
		"7GblxmhA[C23q!]HBVEe": {
			"opcode": "sound_sounds_menu",
			"next": null,
			"parent": "Fe@J:t#2Y^w^O7/.CNQq",
			"inputs": {},
			"fields": {
				"SOUND_MENU": ["sfx_swooshing"]
			},
			"shadow": true,
			"topLevel": false
		},
		"O#O=4_YNR0jr-eh6{H%i": {
			"opcode": "event_whenbroadcastreceived",
			"next": "?9Wsa23FW^|Xg!)ID~5U",
			"parent": null,
			"inputs": {},
			"fields": {
				"BROADCAST_OPTION": ["Start", "broadcastMsgId-start"]
			},
			"shadow": false,
			"topLevel": true,
			"x": 368,
			"y": 502
		},
		"?9Wsa23FW^|Xg!)ID~5U": {
			"opcode": "sound_play",
			"next": null,
			"parent": "O#O=4_YNR0jr-eh6{H%i",
			"inputs": {
				"SOUND_MENU": [1, "M8?WDH+bLjz1!Co_^8Su"]
			},
			"fields": {},
			"shadow": false,
			"topLevel": false
		},
		"M8?WDH+bLjz1!Co_^8Su": {
			"opcode": "sound_sounds_menu",
			"next": null,
			"parent": "?9Wsa23FW^|Xg!)ID~5U",
			"inputs": {},
			"fields": {
				"SOUND_MENU": ["sfx_swooshing"]
			},
			"shadow": true,
			"topLevel": false
		},
		"J@@!Skuw=~JX7:B[h}RS": {
			"opcode": "event_whenbroadcastreceived",
			"next": "#=i%%2o,w?fh]8,mFN+@",
			"parent": null,
			"inputs": {},
			"fields": {
				"BROADCAST_OPTION": ["show.rate", "broadcastMsgId-show.rate"]
			},
			"shadow": false,
			"topLevel": true,
			"x": 368,
			"y": 647
		},
		"#=i%%2o,w?fh]8,mFN+@": {
			"opcode": "sound_play",
			"next": null,
			"parent": "J@@!Skuw=~JX7:B[h}RS",
			"inputs": {
				"SOUND_MENU": [1, "UZyDgwj1)n4#aQ5ZgkgJ"]
			},
			"fields": {},
			"shadow": false,
			"topLevel": false
		},
		"UZyDgwj1)n4#aQ5ZgkgJ": {
			"opcode": "sound_sounds_menu",
			"next": null,
			"parent": "#=i%%2o,w?fh]8,mFN+@",
			"inputs": {},
			"fields": {
				"SOUND_MENU": ["sfx_swooshing"]
			},
			"shadow": true,
			"topLevel": false
		},
		"jz+YC!t5j6LC96]3p[~8": {
			"opcode": "event_whenbroadcastreceived",
			"next": "9q-PmaXn*X0Op)_+q|~=",
			"parent": null,
			"inputs": {},
			"fields": {
				"BROADCAST_OPTION": ["hide.rate", "broadcastMsgId-hide.rate"]
			},
			"shadow": false,
			"topLevel": true,
			"x": 368,
			"y": 792
		},
		"9q-PmaXn*X0Op)_+q|~=": {
			"opcode": "sound_play",
			"next": null,
			"parent": "jz+YC!t5j6LC96]3p[~8",
			"inputs": {
				"SOUND_MENU": [1, "/(,:z{RJQJ|Y.OM1!Vl4"]
			},
			"fields": {},
			"shadow": false,
			"topLevel": false
		},
		"/(,:z{RJQJ|Y.OM1!Vl4": {
			"opcode": "sound_sounds_menu",
			"next": null,
			"parent": "9q-PmaXn*X0Op)_+q|~=",
			"inputs": {},
			"fields": {
				"SOUND_MENU": ["sfx_swooshing"]
			},
			"shadow": true,
			"topLevel": false
		},
		"2[HR0{v=ixUiN?Zu]j].": {
			"opcode": "event_whenbroadcastreceived",
			"next": "~vY*h|`,UV?mAzG#M35C",
			"parent": null,
			"inputs": {},
			"fields": {
				"BROADCAST_OPTION": ["Tap", "broadcastMsgId-tap"]
			},
			"shadow": false,
			"topLevel": true,
			"x": 15,
			"y": 1098
		},
		"~vY*h|`,UV?mAzG#M35C": {
			"opcode": "data_setvariableto",
			"next": null,
			"parent": "2[HR0{v=ixUiN?Zu]j].",
			"inputs": {
				"VALUE": [1, [10, "true"]]
			},
			"fields": {
				"VARIABLE": ["bird.play", "5qj%4,Dr!85A@4wp5j4u-bird.play-"]
			},
			"shadow": false,
			"topLevel": false
		},
		"wd-Kyn/k_}ap#Bs1K}61": {
			"opcode": "event_whenbroadcastreceived",
			"next": "JOFS_IJqa|hWnQ:be6[=",
			"parent": null,
			"inputs": {},
			"fields": {
				"BROADCAST_OPTION": ["Game Over", "broadcastMsgId-game over"]
			},
			"shadow": false,
			"topLevel": true,
			"x": 15,
			"y": 1243
		},
		"JOFS_IJqa|hWnQ:be6[=": {
			"opcode": "data_setvariableto",
			"next": null,
			"parent": "wd-Kyn/k_}ap#Bs1K}61",
			"inputs": {
				"VALUE": [1, [10, 0]]
			},
			"fields": {
				"VARIABLE": ["game.scrollX", "5qj%4,Dr!85A@4wp5j4u-game.scrollX-"]
			},
			"shadow": false,
			"topLevel": false
		},
		"`G72E+;A9;!]9?mX)-jk": {
			"opcode": "event_whenbroadcastreceived",
			"next": "a?LI/u:8kKxQDTW!mp=H",
			"parent": null,
			"inputs": {},
			"fields": {
				"BROADCAST_OPTION": ["show.highscores", "broadcastMsgId-show.highscores"]
			},
			"shadow": false,
			"topLevel": true,
			"x": 368,
			"y": 937
		},
		"a?LI/u:8kKxQDTW!mp=H": {
			"opcode": "sound_play",
			"next": null,
			"parent": "`G72E+;A9;!]9?mX)-jk",
			"inputs": {
				"SOUND_MENU": [1, "=3j[t|axW:.D=b5B8]^l"]
			},
			"fields": {},
			"shadow": false,
			"topLevel": false
		},
		"=3j[t|axW:.D=b5B8]^l": {
			"opcode": "sound_sounds_menu",
			"next": null,
			"parent": "a?LI/u:8kKxQDTW!mp=H",
			"inputs": {},
			"fields": {
				"SOUND_MENU": ["sfx_swooshing"]
			},
			"shadow": true,
			"topLevel": false
		},
		"H^UIaRDC=(0AitukWcSX": {
			"opcode": "event_whenbroadcastreceived",
			"next": "4L9R+-AAezPxg:#|X(IW",
			"parent": null,
			"inputs": {},
			"fields": {
				"BROADCAST_OPTION": ["hide.highscores", "broadcastMsgId-hide.highscores"]
			},
			"shadow": false,
			"topLevel": true,
			"x": 368,
			"y": 1082
		},
		"4L9R+-AAezPxg:#|X(IW": {
			"opcode": "sound_play",
			"next": null,
			"parent": "H^UIaRDC=(0AitukWcSX",
			"inputs": {
				"SOUND_MENU": [1, "7sS{cjW}ylnVN}aqI,[3"]
			},
			"fields": {},
			"shadow": false,
			"topLevel": false
		},
		"7sS{cjW}ylnVN}aqI,[3": {
			"opcode": "sound_sounds_menu",
			"next": null,
			"parent": "4L9R+-AAezPxg:#|X(IW",
			"inputs": {},
			"fields": {
				"SOUND_MENU": ["sfx_swooshing"]
			},
			"shadow": true,
			"topLevel": false
		},
		"JZ%z8_?,k9sMwmi.~Yy8": {
			"opcode": "event_whenbroadcastreceived",
			"next": "+[@`aaJ`dJnUk|+Ghm.-",
			"parent": null,
			"inputs": {},
			"fields": {
				"BROADCAST_OPTION": ["show.settings", "broadcastMsgId-show.settings"]
			},
			"shadow": false,
			"topLevel": true,
			"x": 368,
			"y": 1228
		},
		"+[@`aaJ`dJnUk|+Ghm.-": {
			"opcode": "sound_play",
			"next": null,
			"parent": "JZ%z8_?,k9sMwmi.~Yy8",
			"inputs": {
				"SOUND_MENU": [1, "/a5fJNhSEMMNC4uEZo-~"]
			},
			"fields": {},
			"shadow": false,
			"topLevel": false
		},
		"/a5fJNhSEMMNC4uEZo-~": {
			"opcode": "sound_sounds_menu",
			"next": null,
			"parent": "+[@`aaJ`dJnUk|+Ghm.-",
			"inputs": {},
			"fields": {
				"SOUND_MENU": ["sfx_swooshing"]
			},
			"shadow": true,
			"topLevel": false
		},
		"PZ^W-m#4yeIJ=}(AKnvr": {
			"opcode": "event_whenbroadcastreceived",
			"next": "uY:HG///^:zs3Y3r6H^x",
			"parent": null,
			"inputs": {},
			"fields": {
				"BROADCAST_OPTION": ["hide.settings", "broadcastMsgId-hide.settings"]
			},
			"shadow": false,
			"topLevel": true,
			"x": 671,
			"y": 22
		},
		"uY:HG///^:zs3Y3r6H^x": {
			"opcode": "sound_play",
			"next": null,
			"parent": "PZ^W-m#4yeIJ=}(AKnvr",
			"inputs": {
				"SOUND_MENU": [1, "~19`gn)55r-TqoioOyLd"]
			},
			"fields": {},
			"shadow": false,
			"topLevel": false
		},
		"~19`gn)55r-TqoioOyLd": {
			"opcode": "sound_sounds_menu",
			"next": null,
			"parent": "uY:HG///^:zs3Y3r6H^x",
			"inputs": {},
			"fields": {
				"SOUND_MENU": ["sfx_swooshing"]
			},
			"shadow": true,
			"topLevel": false
		},
		"Xa,Y%q{co5?)1Q4DF|Z|": {
			"opcode": "event_whenbroadcastreceived",
			"next": ":SjpDu1|/HqQGFk,yf7#",
			"parent": null,
			"inputs": {},
			"fields": {
				"BROADCAST_OPTION": ["Game Over", "broadcastMsgId-game over"]
			},
			"shadow": false,
			"topLevel": true,
			"x": 690,
			"y": 187
		},
		":SjpDu1|/HqQGFk,yf7#": {
			"opcode": "control_wait",
			"next": "vfDr0S[hI24Kl=Vdkcc,",
			"parent": "Xa,Y%q{co5?)1Q4DF|Z|",
			"inputs": {
				"DURATION": [1, [5, 0.8]]
			},
			"fields": {},
			"shadow": false,
			"topLevel": false
		},
		"vfDr0S[hI24Kl=Vdkcc,": {
			"opcode": "sound_playuntildone",
			"next": "PO?|#s3#d(X+Z:;TVwT.",
			"parent": ":SjpDu1|/HqQGFk,yf7#",
			"inputs": {
				"SOUND_MENU": [1, "IBh]ei[os=Om?-.FS))*"]
			},
			"fields": {},
			"shadow": false,
			"topLevel": false
		},
		"IBh]ei[os=Om?-.FS))*": {
			"opcode": "sound_sounds_menu",
			"next": null,
			"parent": "vfDr0S[hI24Kl=Vdkcc,",
			"inputs": {},
			"fields": {
				"SOUND_MENU": ["sfx_swooshing"]
			},
			"shadow": true,
			"topLevel": false
		},
		"PO?|#s3#d(X+Z:;TVwT.": {
			"opcode": "sound_play",
			"next": null,
			"parent": "vfDr0S[hI24Kl=Vdkcc,",
			"inputs": {
				"SOUND_MENU": [1, "0DvM(cTQYGHSztaCHe,O"]
			},
			"fields": {},
			"shadow": false,
			"topLevel": false
		},
		"0DvM(cTQYGHSztaCHe,O": {
			"opcode": "sound_sounds_menu",
			"next": null,
			"parent": "PO?|#s3#d(X+Z:;TVwT.",
			"inputs": {},
			"fields": {
				"SOUND_MENU": ["sfx_swooshing"]
			},
			"shadow": true,
			"topLevel": false
		}
	}
}